Judul;Tipe;Waktu Terbit
Cara Ampuh Membersihkan Bekas Permen Karet di Kain hingga Karpet;Tips dan Panduan;2 jam yang lalu
Kenapa ya Listrik di Rumah Terasa Boros? Bisa Jadi Ini Penyebabnya;Berita;2 jam yang lalu
Lengkap! Begini Cara Membersihkan Mesin Cuci yang Ampuh;Tips dan Panduan;3 jam yang lalu
5 Inspirasi Balkon Rumah, Dijamin Bikin Nyaman;Arsitektur;4 jam yang lalu
Awas Kebakaran! Kenali Jenis dan Penyebab Korsleting Listrik di Rumah;Tips dan Panduan;5 jam yang lalu
Tanpa Semir, Begini Cara Mengkilapkan Sepatu Pakai Bahan Alami;Tips dan Panduan;6 jam yang lalu
Kenapa Selalu Ada Kolam di Depan Rumah Gadang?;Berita;7 jam yang lalu
Bandara VVIP IKN Segera Dibangun, Ini Arsiteknya;Berita;8 jam yang lalu
Usai Dikosongkan, Bangunan Hotel Sultan Akan Dibuat Jadi Apa?;Berita;9 jam yang lalu
Jangan Sampai Rumahmu Seperti Prancis, Begini Cara Basmi Kutu Busuk;Tips dan Panduan;20 jam yang lalu
Lagi Tren di China, Anak Muda Tinggal di Apartemen Belum Jadi;Berita;22 jam yang lalu
Teknologi Digital Bisa Bikin Konstruksi Lebih Efisien, Bagaimana Cara Kerjanya?;Berita;23 jam yang lalu
6 Langkah Membersihkan TV LED;Tips dan Panduan;23 jam yang lalu
6 Tips Menjaga Kebersihan Dapur;Tips dan Panduan;Kamis, 05 Okt 2023 15:03 WIB
Viral! Ditipu Pengembang, Pria Ini 4 Tahun Tinggal Sendiri di Gedung Apartemen;Berita;Kamis, 05 Okt 2023 14:19 WIB
Kementerian PUPR Ungkap Pentingnya Peran Kontraktor Dalam Pembangunan IKN;Berita;Kamis, 05 Okt 2023 12:58 WIB
Atasi Backlog, Pemerintah Perlu Bangun 1,3 Juta Rumah per Tahun;Berita;Kamis, 05 Okt 2023 12:31 WIB
Sejarah Bangunan Pasar Tanah Abang: Kisah Pembantaian China hingga Atap Rumbia;Berita;Kamis, 05 Okt 2023 11:59 WIB
7 Langkah Mudah Membersihkan Sofa Berbahan Kain;Tips dan Panduan;Kamis, 05 Okt 2023 11:59 WIB
Menengok Arsitektur Museum Keprajuritan Indonesia yang Penuh Makna di HUT TNI Ke-78;Review Properti;Kamis, 05 Okt 2023 11:20 WIB
Gokil! Australia Bangun Gedung Tertinggi di Dunia Terbuat dari Kayu;Berita;Kamis, 05 Okt 2023 10:59 WIB
9 Cara Ampuh Membasmi Kamitetep di Rumah;Tips dan Panduan;Kamis, 05 Okt 2023 10:24 WIB
5 Langkah Mudah Memperbaiki Lantai Beton yang Retak;Tips dan Panduan;Kamis, 05 Okt 2023 09:25 WIB
Retak Rambut Pada Dinding: Penyebab dan Cara Atasinya;Tips dan Panduan;Kamis, 05 Okt 2023 08:29 WIB
5 Cara Bikin Ruang di Rumah 'Segar' Lagi Tanpa Beli Barang Baru;Tips dan Panduan;Kamis, 05 Okt 2023 07:22 WIB
Nasib Tamu dan Karyawan Hotel Sultan Usai Terbentang Spanduk Pengosongan;Berita;Kamis, 05 Okt 2023 06:23 WIB
Kamar Hotel Kamu Bersih Atau Nggak? Cek Tips Ini;Tips dan Panduan;Rabu, 04 Okt 2023 19:00 WIB
Cara Bersihkan Kasur dari Ompol Bayi;Tips dan Panduan;Rabu, 04 Okt 2023 18:02 WIB
